{
  "randomizedSearch_CV": {
    "mean_fit_time": [
      6.414344716072082,
      16.335585117340088,
      25.989778447151185,
      18.364996123313905,
      20.617509126663208,
      24.570763611793517,
      15.080094122886658,
      9.914419102668763,
      18.4119012594223,
      13.800036072731018
    ],
    "std_fit_time": [
      1.934060509265504,
      7.018147836758469,
      0.8091031758483981,
      0.43900026486119026,
      0.26878445725626093,
      0.34109589384035144,
      2.8352828597818407,
      5.245596620245951,
      0.995629815841431,
      1.3529685018660687
    ],
    "mean_score_time": [
      2.217984199523926,
      1.8065966367721558,
      1.156402325630188,
      1.3126787900924684,
      1.305510687828064,
      1.281902265548706,
      1.671842384338379,
      0.9265090465545655,
      1.9215931653976441,
      1.7162826776504516
    ],
    "std_score_time": [
      1.5809407242898577,
      1.3975983388856845,
      0.07573300288770043,
      0.12252940316164067,
      0.25830792965423494,
      0.09779076954833033,
      1.1961836405250552,
      1.4797245930050433,
      1.7819718607897113,
      1.4361997344612756
    ],
    "param_min_samples_split": [
      4,
      2,
      4,
      2,
      4,
      4,
      2,
      2,
      2,
      3
    ],
    "param_min_samples_leaf": [
      8,
      10,
      8,
      8,
      12,
      12,
      8,
      12,
      10,
      10
    ],
    "param_max_features": [
      8,
      10,
      12,
      8,
      10,
      12,
      10,
      12,
      12,
      12
    ],
    "param_max_depth": [
      null,
      null,
      null,
      null,
      null,
      null,
      null,
      null,
      null,
      null
    ],
    "param_criterion": [
      "gini",
      "gini",
      "gini",
      "gini",
      "gini",
      "gini",
      "gini",
      "gini",
      "gini",
      "gini"
    ],
    "param_bootstrap": [
      true,
      true,
      true,
      true,
      true,
      true,
      true,
      true,
      true,
      true
    ],
    "params": [
      {
        "min_samples_split": 4,
        "min_samples_leaf": 8,
        "max_features": 8,
        "max_depth": null,
        "criterion": "gini",
        "bootstrap": true
      },
      {
        "min_samples_split": 2,
        "min_samples_leaf": 10,
        "max_features": 10,
        "max_depth": null,
        "criterion": "gini",
        "bootstrap": true
      },
      {
        "min_samples_split": 4,
        "min_samples_leaf": 8,
        "max_features": 12,
        "max_depth": null,
        "criterion": "gini",
        "bootstrap": true
      },
      {
        "min_samples_split": 2,
        "min_samples_leaf": 8,
        "max_features": 8,
        "max_depth": null,
        "criterion": "gini",
        "bootstrap": true
      },
      {
        "min_samples_split": 4,
        "min_samples_leaf": 12,
        "max_features": 10,
        "max_depth": null,
        "criterion": "gini",
        "bootstrap": true
      },
      {
        "min_samples_split": 4,
        "min_samples_leaf": 12,
        "max_features": 12,
        "max_depth": null,
        "criterion": "gini",
        "bootstrap": true
      },
      {
        "min_samples_split": 2,
        "min_samples_leaf": 8,
        "max_features": 10,
        "max_depth": null,
        "criterion": "gini",
        "bootstrap": true
      },
      {
        "min_samples_split": 2,
        "min_samples_leaf": 12,
        "max_features": 12,
        "max_depth": null,
        "criterion": "gini",
        "bootstrap": true
      },
      {
        "min_samples_split": 2,
        "min_samples_leaf": 10,
        "max_features": 12,
        "max_depth": null,
        "criterion": "gini",
        "bootstrap": true
      },
      {
        "min_samples_split": 3,
        "min_samples_leaf": 10,
        "max_features": 12,
        "max_depth": null,
        "criterion": "gini",
        "bootstrap": true
      }
    ],
    "split0_test_score": [
      0.6666666666666666,
      0.6581956797966964,
      0.6616257088846881,
      0.6666666666666666,
      0.6578449905482041,
      0.6471337579617834,
      0.6497783407219759,
      0.6471337579617834,
      0.6507237256135935,
      0.6507237256135935
    ],
    "split1_test_score": [
      0.6675,
      0.6778816199376947,
      0.6725,
      0.6675,
      0.6762320648783531,
      0.67,
      0.6679221594475832,
      0.67,
      0.6608150470219436,
      0.6608150470219436
    ],
    "split2_test_score": [
      0.6367137355584083,
      0.6342088404868674,
      0.6403061224489796,
      0.6367137355584083,
      0.6400515132002575,
      0.6363636363636364,
      0.6431322207958922,
      0.6363636363636364,
      0.6333333333333333,
      0.6333333333333333
    ],
    "split3_test_score": [
      0.6888331242158093,
      0.6810126582278481,
      0.6888331242158093,
      0.6888331242158093,
      0.6932668329177057,
      0.6887332908975176,
      0.6867924528301886,
      0.6887332908975176,
      0.6853582554517134,
      0.6853582554517134
    ],
    "split4_test_score": [
      0.6748071979434447,
      0.6709102482495226,
      0.673064619321817,
      0.6748071979434447,
      0.6778135048231512,
      0.674775928297055,
      0.6812339331619537,
      0.674775928297055,
      0.6769033909149073,
      0.6769033909149073
    ],
    "split5_test_score": [
      0.696798493408663,
      0.6904761904761905,
      0.6909765142150803,
      0.696798493408663,
      0.702020202020202,
      0.6900878293601004,
      0.6957621758380772,
      0.6900878293601004,
      0.6938008766437069,
      0.6938008766437069
    ],
    "split6_test_score": [
      0.6773399014778325,
      0.6818181818181818,
      0.6780905752753978,
      0.6773399014778325,
      0.6695491043854231,
      0.6732796032238065,
      0.6813186813186813,
      0.6732796032238065,
      0.6777163904235728,
      0.6777163904235728
    ],
    "split7_test_score": [
      0.6675031367628608,
      0.6637390213299874,
      0.6561314791403287,
      0.6675031367628608,
      0.6679127725856698,
      0.6603892027620841,
      0.6620689655172414,
      0.6603892027620841,
      0.6594800253646164,
      0.6594800253646164
    ],
    "split8_test_score": [
      0.6440025657472739,
      0.643312101910828,
      0.645079365079365,
      0.6440025657472739,
      0.6483726866624122,
      0.6585522101217168,
      0.6525911708253359,
      0.6585522101217168,
      0.6550836550836551,
      0.6550836550836551
    ],
    "split9_test_score": [
      0.6700832799487508,
      0.6701231367465975,
      0.6714193130265717,
      0.6700832799487508,
      0.6739832149774048,
      0.6684039087947883,
      0.6718246292714378,
      0.6684039087947883,
      0.6662277814351547,
      0.6662277814351547
    ],
    "mean_test_score": [
      0.669024810172971,
      0.6671677678980414,
      0.6678026821608037,
      0.669024810172971,
      0.6707046886998784,
      0.6667719367782489,
      0.6692424729728368,
      0.6667719367782489,
      0.6659442481286197,
      0.6659442481286197
    ],
    "std_test_score": [
      0.017169052191000345,
      0.016836756020124462,
      0.016108263221721632,
      0.017169052191000345,
      0.01787284282179929,
      0.01601266764292731,
      0.016427598433533683,
      0.01601266764292731,
      0.017008366762176347,
      0.017008366762176347
    ],
    "rank_test_score": [
      3,
      6,
      5,
      3,
      1,
      7,
      2,
      7,
      9,
      9
    ]
  },
  "holdout": {
    "accuracy": 0.6418202121719709,
    "precision": 0.6614922383575363,
    "recall": 0.6851659751037344,
    "f1": 0.6731210191082803,
    "roc_auc": 0.7004119273281924
  }
}